股票代码,股票简称,股票市场类型
000686.SZ,东北证券,a股
000712.SZ,锦龙股份,a股
001236.SZ,弘业期货,a股
002807.SZ,江阴银行,a股
002839.SZ,张家港行,a股
002936.SZ,郑州银行,a股
002948.SZ,青岛银行,a股
002961.SZ,瑞达期货,a股
601375.SH,中原证券,a股
000008.SZ,神州高铁,a股
000012.SZ,南玻A,a股
000014.SZ,沙河股份,a股
000017.SZ,深中华A,a股
000019.SZ,深粮控股,a股
000020.SZ,深华发A,a股
000028.SZ,国药一致,a股
000030.SZ,富奥股份,a股
000031.SZ,大悦城,a股
000035.SZ,中国天楹,a股
000037.SZ,深南电A,a股
000048.SZ,京基智农,a股
000049.SZ,德赛电池,a股
000055.SZ,方大集团,a股
000059.SZ,华锦股份,a股
000061.SZ,农产品,a股
000068.SZ,华控赛格,a股
000090.SZ,天健集团,a股
000089.SZ,深圳机场,a股
000151.SZ,中成股份,a股
000153.SZ,丰原药业,a股
000156.SZ,华数传媒,a股
000158.SZ,常山北明,a股
000159.SZ,国际实业,a股
000402.SZ,金融街,a股
000407.SZ,胜利股份,a股
000420.SZ,吉林化纤,a股
000419.SZ,通程控股,a股
000421.SZ,南京公用,a股
000422.SZ,湖北宜化,a股
000498.SZ,山东路桥,a股
000501.SZ,武商集团,a股
000509.SZ,华塑控股,a股
000514.SZ,渝开发,a股
000520.SZ,凤凰航运,a股
000530.SZ,冰山冷热,a股
000529.SZ,广弘控股,a股
000545.SZ,金浦钛业,a股
000548.SZ,湖南投资,a股
000547.SZ,航天发展,a股
000550.SZ,江铃汽车,a股
000553.SZ,安道麦A,a股
000554.SZ,泰山石油,a股
000555.SZ,神州信息,a股
000560.SZ,我爱我家,a股
000565.SZ,渝三峡A,a股
000570.SZ,苏常柴A,a股
000567.SZ,海德股份,a股
000572.SZ,海马汽车,a股
000573.SZ,粤宏远A,a股
000581.SZ,威孚高科,a股
000586.SZ,汇源通信,a股
000590.SZ,古汉医药,a股
000600.SZ,建投能源,a股
000603.SZ,盛达资源,a股
000605.SZ,渤海股份,a股
000612.SZ,焦作万方,a股
000619.SZ,海螺新材,a股
000633.SZ,合金投资,a股
000635.SZ,英力特,a股
000650.SZ,仁和药业,a股
000663.SZ,永安林业,a股
000669.SZ,ST金鸿,a股
000672.SZ,上峰材料,a股
000676.SZ,智度股份,a股
000679.SZ,大连友谊,a股
000680.SZ,山推股份,a股
000682.SZ,东方电子,a股
000681.SZ,视觉中国,a股
000685.SZ,中山公用,a股
000690.SZ,宝新能源,a股
000688.SZ,国城矿业,a股
000695.SZ,滨海能源,a股
000701.SZ,厦门信达,a股
000702.SZ,正虹科技,a股
000705.SZ,浙江震元,a股
000707.SZ,双环科技,a股
000715.SZ,中兴商业,a股
000717.SZ,中南股份,a股
000718.SZ,苏宁环球,a股
000726.SZ,鲁泰A,a股
000727.SZ,冠捷科技,a股
000735.SZ,罗牛山,a股
000756.SZ,新华制药,a股
000758.SZ,中色股份,a股
000757.SZ,浩物股份,a股
000761.SZ,本钢板材,a股
000762.SZ,西藏矿业,a股
000767.SZ,晋控电力,a股
000779.SZ,甘咨询,a股
000782.SZ,恒申新材,a股
000788.SZ,北大医药,a股
000791.SZ,甘肃能源,a股
000790.SZ,华神科技,a股
000795.SZ,英洛华,a股
000798.SZ,中水渔业,a股
000799.SZ,酒鬼酒,a股
000801.SZ,四川九洲,a股
000802.SZ,北京文化,a股
000803.SZ,山高环能,a股
000810.SZ,创维数字,a股
000811.SZ,冰轮环境,a股
000812.SZ,陕西金叶,a股
000828.SZ,东莞控股,a股
000829.SZ,天音控股,a股
000848.SZ,承德露露,a股
000850.SZ,华茂股份,a股
000856.SZ,冀东装备,a股
000860.SZ,顺鑫农业,a股
000869.SZ,张裕A,a股
000875.SZ,电投绿能,a股
000881.SZ,中广核技,a股
000885.SZ,城发环境,a股
000890.SZ,法尔胜,a股
000897.SZ,津滨发展,a股
000901.SZ,航天科技,a股
000902.SZ,新洋丰,a股
000912.SZ,泸天化,a股
000913.SZ,钱江摩托,a股
000915.SZ,华特达因,a股
000917.SZ,电广传媒,a股
000919.SZ,金陵药业,a股
000923.SZ,河钢资源,a股
000926.SZ,福星股份,a股
000927.SZ,中国铁物,a股
000928.SZ,中钢国际,a股
000930.SZ,中粮科技,a股
000931.SZ,中关村,a股
000935.SZ,四川双马,a股
000950.SZ,重药控股,a股
000952.SZ,广济药业,a股
000953.SZ,中哲精化,a股
000955.SZ,欣龙控股,a股
000966.SZ,长源电力,a股
000968.SZ,蓝焰控股,a股
000969.SZ,安泰科技,a股
000970.SZ,中科三环,a股
000978.SZ,桂林旅游,a股
000985.SZ,大庆华科,a股
000990.SZ,诚志股份,a股
001202.SZ,炬申股份,a股
001205.SZ,盛航股份,a股
001206.SZ,依依股份,a股
001209.SZ,洪兴股份,a股
001211.SZ,双枪科技,a股
001210.SZ,金房能源,a股
001216.SZ,华瓷股份,a股
001217.SZ,华尔泰,a股
001218.SZ,丽臣实业,a股
001219.SZ,青岛食品,a股
001222.SZ,源飞宠物,a股
001226.SZ,拓山重工,a股
001229.SZ,魅视科技,a股
001230.SZ,劲旅环境,a股
001231.SZ,农心科技,a股
001234.SZ,泰慕士,a股
001255.SZ,博菲电气,a股
001266.SZ,宏英智能,a股
001259.SZ,利仁科技,a股
001268.SZ,联合精密,a股
001296.SZ,长江材料,a股
001299.SZ,美能能源,a股
001300.SZ,三柏硕,a股
001317.SZ,三羊马,a股
001318.SZ,阳光乳业,a股
001319.SZ,铭科精技,a股
001336.SZ,楚环科技,a股
001896.SZ,豫能控股,a股
001914.SZ,招商积余,a股
002004.SZ,华邦健康,a股
002003.SZ,伟星股份,a股
002010.SZ,传化智联,a股
002012.SZ,凯恩股份,a股
002015.SZ,协鑫能科,a股
002020.SZ,京新药业,a股
002023.SZ,海特高新,a股
002024.SZ,ST易购,a股
002030.SZ,达安基因,a股
002034.SZ,旺能环境,a股
002036.SZ,联创电子,a股
002038.SZ,双鹭药业,a股
002041.SZ,登海种业,a股
002042.SZ,华孚时尚,a股
002043.SZ,兔宝宝,a股
002048.SZ,宁波华翔,a股
002051.SZ,中工国际,a股
002054.SZ,德美化工,a股
002057.SZ,中钢天源,a股
002061.SZ,浙江交科,a股
002063.SZ,远光软件,a股
002066.SZ,瑞泰科技,a股
002072.SZ,凯瑞德,a股
002075.SZ,沙钢股份,a股
002079.SZ,苏州固锝,a股
002081.SZ,金螳螂,a股
002084.SZ,海鸥住工,a股
002088.SZ,鲁阳节能,a股
002091.SZ,江苏国泰,a股
002097.SZ,山河智能,a股
002098.SZ,浔兴股份,a股
002099.SZ,海翔药业,a股
002100.SZ,天康生物,a股
002105.SZ,信隆健康,a股
002107.SZ,沃华医药,a股
002108.SZ,沧州明珠,a股
002110.SZ,三钢闽光,a股
002114.SZ,罗平锌电,a股
002123.SZ,梦网科技,a股
002127.SZ,南极电商,a股
002133.SZ,广宇集团,a股
002135.SZ,东南网架,a股
002136.SZ,安纳达,a股
002139.SZ,拓邦股份,a股
002144.SZ,宏达高科,a股
002145.SZ,钛能化学,a股
002146.SZ,荣盛发展,a股
002151.SZ,北斗星通,a股
002158.SZ,汉钟精机,a股
002159.SZ,三特索道,a股
002162.SZ,悦心健康,a股
002163.SZ,海南发展,a股
002169.SZ,智光电气,a股
002171.SZ,楚江新材,a股
002172.SZ,澳洋健康,a股
002174.SZ,游族网络,a股
002176.SZ,江特电机,a股
002178.SZ,延华智能,a股
002182.SZ,宝武镁业,a股
002183.SZ,怡亚通,a股
002186.SZ,全聚德,a股
002188.SZ,中天服务,a股
002190.SZ,成飞集成,a股
002191.SZ,劲嘉股份,a股
002192.SZ,融捷股份,a股
002194.SZ,武汉凡谷,a股
002204.SZ,大连重工,a股
002205.SZ,国统股份,a股
002206.SZ,海利得,a股
002208.SZ,合肥城建,a股
002209.SZ,达意隆,a股
002212.SZ,天融信,a股
002216.SZ,三全食品,a股
002221.SZ,东华能源,a股
002222.SZ,福晶科技,a股
002224.SZ,三力士,a股
002226.SZ,江南化工,a股
002233.SZ,塔牌集团,a股
002237.SZ,恒邦股份,a股
002239.SZ,奥特佳,a股
002242.SZ,九阳股份,a股
002243.SZ,力合科创,a股
002245.SZ,蔚蓝锂芯,a股
002247.SZ,聚力文化,a股
002248.SZ,华东数控,a股
002250.SZ,联化科技,a股
002249.SZ,大洋电机,a股
002254.SZ,泰和新材,a股
002258.SZ,利尔化学,a股
002274.SZ,华昌化工,a股
002276.SZ,万马股份,a股
002278.SZ,神开股份,a股
002282.SZ,博深股份,a股
002283.SZ,天润工业,a股
002285.SZ,世联行,a股
002286.SZ,保龄宝,a股
002287.SZ,奇正藏药,a股
002292.SZ,奥飞娱乐,a股
002295.SZ,精艺股份,a股
002296.SZ,辉煌科技,a股
002302.SZ,西部建设,a股
002314.SZ,南山控股,a股
002317.SZ,众生药业,a股
002319.SZ,乐通股份,a股
002320.SZ,海峡股份,a股
002324.SZ,普利特,a股
002326.SZ,永太科技,a股
002330.SZ,得利斯,a股
002331.SZ,皖通科技,a股
002332.SZ,仙琚制药,a股
002333.SZ,罗普斯金,a股
002337.SZ,赛象科技,a股
002343.SZ,慈文传媒,a股
002347.SZ,泰尔股份,a股
002349.SZ,精华制药,a股
002351.SZ,漫步者,a股
002355.SZ,兴民智通,a股
002357.SZ,富临运业,a股
002363.SZ,隆基机械,a股
002375.SZ,亚厦股份,a股
002378.SZ,章源钨业,a股
002377.SZ,国创高新,a股
002381.SZ,双箭股份,a股
002382.SZ,蓝帆医疗,a股
002386.SZ,天原股份,a股
002387.SZ,维信诺,a股
002389.SZ,航天彩虹,a股
002390.SZ,信邦制药,a股
002391.SZ,长青股份,a股
002394.SZ,联发股份,a股
002396.SZ,星网锐捷,a股
002395.SZ,双象股份,a股
002397.SZ,梦洁股份,a股
002398.SZ,垒知集团,a股
002399.SZ,海普瑞,a股
002400.SZ,省广集团,a股
002404.SZ,嘉欣丝绸,a股
002405.SZ,四维图新,a股
002412.SZ,汉森制药,a股
002413.SZ,雷科防务,a股
002416.SZ,爱施德,a股
002420.SZ,毅昌科技,a股
002419.SZ,天虹股份,a股
002421.SZ,达实智能,a股
002428.SZ,云南锗业,a股
002434.SZ,万里扬,a股
002440.SZ,闰土股份,a股
002443.SZ,金洲管道,a股
002442.SZ,龙星科技,a股
002451.SZ,摩恩电气,a股
002456.SZ,欧菲光,a股
002457.SZ,青龙管业,a股
002458.SZ,益生股份,a股
002462.SZ,嘉事堂,a股
002468.SZ,申通快递,a股
002476.SZ,新叶股份,a股
002479.SZ,富春环保,a股
002481.SZ,双塔食品,a股
002484.SZ,江海股份,a股
002486.SZ,嘉麟杰,a股
002488.SZ,金固股份,a股
002489.SZ,浙江永强,a股
002491.SZ,通鼎互联,a股
002492.SZ,恒基达鑫,a股
002494.SZ,华斯股份,a股
002495.SZ,佳隆股份,a股
002498.SZ,汉缆股份,a股
002497.SZ,雅化集团,a股
002506.SZ,协鑫集成,a股
002511.SZ,中顺洁柔,a股
002513.SZ,蓝丰生化,a股
002518.SZ,科士达,a股
002524.SZ,光正眼科,a股
002534.SZ,西子洁能,a股
002537.SZ,海联金汇,a股
002539.SZ,云图控股,a股
002541.SZ,鸿路钢构,a股
002544.SZ,普天科技,a股
002545.SZ,东方铁塔,a股
002549.SZ,凯美特气,a股
002551.SZ,尚荣医疗,a股
002556.SZ,辉隆股份,a股
002561.SZ,徐家汇,a股
002566.SZ,益盛药业,a股
002567.SZ,唐人神,a股
002571.SZ,德力股份,a股
002574.SZ,明牌珠宝,a股
002573.SZ,清新环境,a股
002576.SZ,通达动力,a股
002578.SZ,闽发铝业,a股
002585.SZ,双星新材,a股
002587.SZ,奥拓电子,a股
002591.SZ,恒大高新,a股
002592.SZ,ST八菱,a股
002593.SZ,日上集团,a股
002597.SZ,金禾实业,a股
002599.SZ,盛通股份,a股
002611.SZ,东方精工,a股
002612.SZ,朗姿股份,a股
002613.SZ,北玻股份,a股
002615.SZ,哈尔斯,a股
002617.SZ,露笑科技,a股
002622.SZ,皓宸医疗,a股
002626.SZ,金达威,a股
002628.SZ,成都路桥,a股
002629.SZ,仁智股份,a股
002633.SZ,申科股份,a股
002635.SZ,安洁科技,a股
002636.SZ,金安国纪,a股
002639.SZ,雪人集团,a股
002641.SZ,公元股份,a股
002643.SZ,万润股份,a股
002646.SZ,天佑德酒,a股
002649.SZ,博彦科技,a股
002651.SZ,利君股份,a股
002652.SZ,扬子新材,a股
002659.SZ,凯文教育,a股
002660.SZ,茂硕电源,a股
002661.SZ,克明食品,a股
002663.SZ,普邦股份,a股
002664.SZ,信质集团,a股
002666.SZ,德联集团,a股
002669.SZ,康达新材,a股
002671.SZ,龙泉股份,a股
002672.SZ,东江环保,a股
002675.SZ,东诚药业,a股
002674.SZ,兴业科技,a股
002677.SZ,浙江美大,a股
002679.SZ,福建金森,a股
002682.SZ,龙洲股份,a股
002686.SZ,亿利达,a股
002687.SZ,乔治白,a股
002696.SZ,百洋股份,a股
002697.SZ,红旗连锁,a股
002698.SZ,博实股份,a股
002701.SZ,奥瑞金,a股
002702.SZ,海欣食品,a股
002703.SZ,浙江世宝,a股
002705.SZ,新宝股份,a股
002706.SZ,良信股份,a股
002712.SZ,思美传媒,a股
002715.SZ,登云股份,a股
002723.SZ,小崧股份,a股
002722.SZ,物产金轮,a股
002725.SZ,跃岭股份,a股
002727.SZ,一心堂,a股
002732.SZ,燕塘乳业,a股
002733.SZ,雄韬股份,a股
002737.SZ,葵花药业,a股
002741.SZ,光华科技,a股
002743.SZ,富煌钢构,a股
002745.SZ,木林森,a股
002746.SZ,仙坛股份,a股
002753.SZ,永东股份,a股
002760.SZ,凤形股份,a股
002763.SZ,汇洁股份,a股
002767.SZ,先锋电子,a股
002769.SZ,普路通,a股
002771.SZ,真视通,a股
002775.SZ,文科股份,a股
002774.SZ,快意电梯,a股
002778.SZ,中晟高科,a股
002780.SZ,三夫户外,a股
002782.SZ,可立克,a股
002783.SZ,凯龙股份,a股
002790.SZ,瑞尔特,a股
002793.SZ,罗欣药业,a股
002795.SZ,永和智控,a股
002798.SZ,帝欧水华,a股
002799.SZ,环球印务,a股
002802.SZ,洪汇新材,a股
002806.SZ,华锋股份,a股
002809.SZ,红墙股份,a股
002810.SZ,山东赫达,a股
002811.SZ,郑中设计,a股
002813.SZ,路畅科技,a股
002815.SZ,崇达技术,a股
002817.SZ,黄山胶囊,a股
002820.SZ,桂发祥,a股
002826.SZ,易明医药,a股
002825.SZ,纳尔股份,a股
002828.SZ,贝肯能源,a股
002830.SZ,名雕股份,a股
002833.SZ,弘亚数控,a股
002832.SZ,比音勒芬,a股
002836.SZ,新宏泽,a股
002835.SZ,同为股份,a股
002838.SZ,道恩股份,a股
002847.SZ,盐津铺子,a股
002849.SZ,威星智能,a股
002852.SZ,道道全,a股
002853.SZ,皮阿诺,a股
002857.SZ,三晖电气,a股
002858.SZ,力盛体育,a股
002859.SZ,洁美科技,a股
002860.SZ,星帅尔,a股
002861.SZ,瀛通通讯,a股
002862.SZ,实丰文化,a股
002863.SZ,今飞凯达,a股
002864.SZ,盘龙药业,a股
002871.SZ,伟隆股份,a股
002872.SZ,ST天圣,a股
002875.SZ,安奈儿,a股
002873.SZ,新天药业,a股
002876.SZ,三利谱,a股
002877.SZ,智能自控,a股
002879.SZ,长缆科技,a股
002887.SZ,绿茵生态,a股
002888.SZ,惠威科技,a股
002890.SZ,弘宇股份,a股
002891.SZ,中宠股份,a股
002895.SZ,川恒股份,a股
002893.SZ,京能热力,a股
002899.SZ,英派斯,a股
002900.SZ,哈三联,a股
002901.SZ,大博医疗,a股
002903.SZ,宇环数控,a股
002905.SZ,金逸影视,a股
002906.SZ,华阳集团,a股
002910.SZ,庄园牧场,a股
002909.SZ,集泰股份,a股
002911.SZ,佛燃能源,a股
002913.SZ,奥士康,a股
002917.SZ,金奥博,a股
002921.SZ,联诚精密,a股
002923.SZ,润都股份,a股
002927.SZ,泰永长征,a股
002925.SZ,盈趣科技,a股
002929.SZ,润建股份,a股
002928.SZ,华夏航空,a股
002930.SZ,宏川智慧,a股
002933.SZ,新兴装备,a股
002935.SZ,天奥电子,a股
002941.SZ,新疆交建,a股
002942.SZ,新农股份,a股
002949.SZ,华阳国际,a股
002946.SZ,新乳业,a股
002950.SZ,奥美医疗,a股
002952.SZ,亚世光电,a股
002957.SZ,科瑞技术,a股
002959.SZ,小熊电器,a股
002960.SZ,青鸟智控,a股
002962.SZ,五方光电,a股
002963.SZ,豪尔赛,a股
002967.SZ,广电计量,a股
002968.SZ,新大正,a股
002972.SZ,科安达,a股
002976.SZ,瑞玛精密,a股
002978.SZ,安宁股份,a股
002981.SZ,朝阳科技,a股
002982.SZ,湘佳股份,a股
002985.SZ,北摩高科,a股
002987.SZ,京北方,a股
002990.SZ,盛视科技,a股
002993.SZ,奥海科技,a股
002995.SZ,天地在线,a股
002998.SZ,优彩资源,a股
002999.SZ,天禾股份,a股
003003.SZ,天元股份,a股
003007.SZ,直真科技,a股
003008.SZ,开普检测,a股
003009.SZ,中天火箭,a股
003012.SZ,东鹏控股,a股
003011.SZ,海象新材,a股
003016.SZ,欣贺股份,a股
003015.SZ,日久光电,a股
003017.SZ,大洋生物,a股
003023.SZ,彩虹集团,a股
003025.SZ,思进智能,a股
003026.SZ,中晶科技,a股
003027.SZ,同兴科技,a股
003030.SZ,祖名股份,a股
003039.SZ,顺控发展,a股
003040.SZ,楚天龙,a股
003042.SZ,中农联合,a股
300008.SZ,天海防务,a股
300011.SZ,鼎汉技术,a股
300021.SZ,大禹节水,a股
300022.SZ,吉峰科技,a股
300026.SZ,红日药业,a股
300030.SZ,阳普医疗,a股
300031.SZ,宝通科技,a股
300034.SZ,钢研高纳,a股
300036.SZ,超图软件,a股
300039.SZ,上海凯宝,a股
300040.SZ,九洲集团,a股
300050.SZ,世纪鼎利,a股
300051.SZ,琏升科技,a股
300065.SZ,海兰信,a股
300069.SZ,金利华电,a股
300072.SZ,海新能科,a股
300074.SZ,华平股份,a股
300075.SZ,数字政通,a股
300078.SZ,思创智联,a股
300079.SZ,数码视讯,a股
300080.SZ,易成新能,a股
300083.SZ,创世纪,a股
300085.SZ,银之杰,a股
300086.SZ,康芝药业,a股
300092.SZ,科新机电,a股
300095.SZ,华伍股份,a股
300101.SZ,振芯科技,a股
300103.SZ,达刚控股,a股
300105.SZ,龙源技术,a股
300106.SZ,西部牧业,a股
300109.SZ,新开源,a股
300112.SZ,万讯自控,a股
300113.SZ,顺网科技,a股
300119.SZ,瑞普生物,a股
300126.SZ,锐奇股份,a股
300130.SZ,新国都,a股
300132.SZ,诺斯贝尔,a股
300133.SZ,华策影视,a股
300134.SZ,大富科技,a股
300135.SZ,宝利国际,a股
300138.SZ,晨光生物,a股
300141.SZ,和顺电气,a股
300143.SZ,盈康生命,a股
300148.SZ,天舟文化,a股
300150.SZ,世纪瑞尔,a股
300151.SZ,昌红科技,a股
300154.SZ,瑞凌股份,a股
300155.SZ,安居宝,a股
300157.SZ,新锦动力,a股
300158.SZ,振东制药,a股
300162.SZ,雷曼光电,a股
300166.SZ,东方国信,a股
300168.SZ,万达信息,a股
300170.SZ,汉得信息,a股
300169.SZ,天晟新材,a股
300171.SZ,东富龙,a股
300172.SZ,中电环保,a股
300176.SZ,鸿特科技,a股
300180.SZ,华峰超纤,a股
300182.SZ,捷成股份,a股
300183.SZ,东软载波,a股
300185.SZ,通裕重工,a股
300187.SZ,永清环保,a股
300188.SZ,国投智能,a股
300191.SZ,潜能恒信,a股
300190.SZ,维尔利,a股
300193.SZ,佳士科技,a股
300195.SZ,长荣股份,a股
300203.SZ,聚光科技,a股
300206.SZ,理邦仪器,a股
300218.SZ,安利股份,a股
300214.SZ,日科化学,a股
300224.SZ,正海磁材,a股
300229.SZ,拓尔思,a股
300230.SZ,永利股份,a股
300232.SZ,洲明科技,a股
300234.SZ,开尔新材,a股
300235.SZ,方直科技,a股
300233.SZ,金城医药,a股
300236.SZ,上海新阳,a股
300239.SZ,东宝生物,a股
300240.SZ,飞力达,a股
300238.SZ,冠昊生物,a股
300242.SZ,佳云科技,a股
300241.SZ,瑞丰光电,a股
300243.SZ,瑞丰高材,a股
300244.SZ,迪安诊断,a股
300246.SZ,宝莱特,a股
300247.SZ,融捷健康,a股
300254.SZ,仟源医药,a股
300257.SZ,开山股份,a股
300260.SZ,新莱应材,a股
300263.SZ,隆华科技,a股
300264.SZ,佳创视讯,a股
300267.SZ,尔康制药,a股
300270.SZ,中威电子,a股
300272.SZ,开能健康,a股
300275.SZ,梅安森,a股
300279.SZ,和晶科技,a股
300281.SZ,金明精机,a股
300283.SZ,温州宏丰,a股
300284.SZ,苏交科,a股
300289.SZ,利德曼,a股
300294.SZ,博雅生物,a股
300298.SZ,三诺生物,a股
300299.SZ,富春股份,a股
300305.SZ,裕兴股份,a股
300306.SZ,远方信息,a股
300314.SZ,戴维医疗,a股
300315.SZ,掌趣科技,a股
300319.SZ,麦捷科技,a股
300317.SZ,珈伟新能,a股
300323.SZ,华灿光电,a股
300321.SZ,同大股份,a股
300327.SZ,中颖电子,a股
300329.SZ,海伦钢琴,a股
300332.SZ,天壕能源,a股
300333.SZ,兆日科技,a股
300334.SZ,津膜科技,a股
300335.SZ,迪森股份,a股
300340.SZ,科恒股份,a股
300348.SZ,长亮科技,a股
300350.SZ,华鹏飞,a股
300355.SZ,蒙草生态,a股
300358.SZ,楚天科技,a股
300357.SZ,我武生物,a股
300359.SZ,全通教育,a股
300364.SZ,中文在线,a股
300369.SZ,绿盟科技,a股
300371.SZ,汇中股份,a股
300374.SZ,中铁装配,a股
300375.SZ,鹏翎股份,a股
300377.SZ,赢时胜,a股
300381.SZ,溢多利,a股
300382.SZ,斯莱克,a股
300387.SZ,富邦科技,a股
300398.SZ,飞凯材料,a股
300401.SZ,花园生物,a股
300404.SZ,博济医药,a股
300405.SZ,科隆股份,a股
300406.SZ,九强生物,a股
300407.SZ,凯发电气,a股
300410.SZ,正业科技,a股
300409.SZ,道氏技术,a股
300412.SZ,迦南科技,a股
300414.SZ,中光防雷,a股
300417.SZ,南华仪器,a股
300420.SZ,五洋自控,a股
300422.SZ,博世科,a股
300424.SZ,航新科技,a股
300425.SZ,中建环能,a股
300426.SZ,华智数媒,a股
300428.SZ,立中集团,a股
300437.SZ,清水源,a股
300439.SZ,美康生物,a股
300443.SZ,金雷股份,a股
300445.SZ,康斯特,a股
300449.SZ,汉邦高科,a股
300451.SZ,创业慧康,a股
300452.SZ,山河药辅,a股
300453.SZ,三鑫医疗,a股
300456.SZ,赛微电子,a股
300455.SZ,航天智装,a股
300457.SZ,赢合科技,a股
300459.SZ,汤姆猫,a股
300463.SZ,迈克生物,a股
300464.SZ,星徽股份,a股
300470.SZ,中密控股,a股
300478.SZ,杭州高新,a股
300479.SZ,神思电子,a股
300484.SZ,蓝海华腾,a股
300491.SZ,通合科技,a股
300497.SZ,富祥股份,a股
300501.SZ,海顺新材,a股
300500.SZ,启迪设计,a股
300508.SZ,维宏股份,a股
300509.SZ,新美星,a股
300511.SZ,雪榕生物,a股
300514.SZ,友讯达,a股
300512.SZ,中亚股份,a股
300513.SZ,恒实科技,a股
300515.SZ,三德科技,a股
300517.SZ,海波重科,a股
300519.SZ,新光药业,a股
300521.SZ,爱司凯,a股
300522.SZ,世名科技,a股
300525.SZ,博思软件,a股
300534.SZ,陇神戎发,a股
300535.SZ,达威股份,a股
300538.SZ,同益股份,a股
300543.SZ,朗科智能,a股
300549.SZ,优德精密,a股
300550.SZ,和仁科技,a股
300554.SZ,三超新材,a股
300553.SZ,集智股份,a股
300557.SZ,理工光科,a股
300556.SZ,丝路视觉,a股
300560.SZ,中富通,a股
300562.SZ,乐心医疗,a股
300564.SZ,筑博设计,a股
300569.SZ,天能重工,a股
300579.SZ,数字认证,a股
300578.SZ,会畅科技,a股
300581.SZ,晨曦航空,a股
300582.SZ,英飞特,a股
300583.SZ,赛托生物,a股
300585.SZ,奥联电子,a股
300587.SZ,天铁科技,a股
300588.SZ,熙菱信息,a股
300591.SZ,万里马,a股
300593.SZ,新雷能,a股
300597.SZ,吉大通信,a股
300596.SZ,利安隆,a股
300598.SZ,诚迈科技,a股
300599.SZ,雄塑科技,a股
300602.SZ,飞荣达,a股
300605.SZ,恒锋信息,a股
300606.SZ,金太阳,a股
300608.SZ,思特奇,a股
300609.SZ,汇纳科技,a股
300610.SZ,晨化股份,a股
300612.SZ,宣亚国际,a股
300613.SZ,富瀚微,a股
300615.SZ,欣天科技,a股
300614.SZ,百川畅银,a股
300617.SZ,安靠智电,a股
300621.SZ,维业股份,a股
300625.SZ,三雄极光,a股
300626.SZ,华瑞股份,a股
300631.SZ,久吾高科,a股
300633.SZ,开立医疗,a股
300635.SZ,中达安,a股
300637.SZ,扬帆新材,a股
300640.SZ,德艺文创,a股
300642.SZ,透景生命,a股
300644.SZ,南京聚隆,a股
300645.SZ,正元智慧,a股
300647.SZ,超频三,a股
300649.SZ,杭州园林,a股
300650.SZ,太龙股份,a股
300651.SZ,金陵体育,a股
300654.SZ,世纪天鸿,a股
300655.SZ,晶瑞电材,a股
300663.SZ,科蓝软件,a股
300664.SZ,鹏鹞环保,a股
300665.SZ,飞鹿股份,a股
300667.SZ,必创科技,a股
300668.SZ,杰恩股份,a股
300670.SZ,大烨智能,a股
300671.SZ,富满微,a股
300672.SZ,国科微,a股
300673.SZ,佩蒂股份,a股
300675.SZ,建科院,a股
300674.SZ,宇信科技,a股
300682.SZ,朗新科技,a股
300685.SZ,艾德生物,a股
300687.SZ,赛意信息,a股
300686.SZ,智动力,a股
300692.SZ,中赋科技,a股
300694.SZ,蠡湖股份,a股
300696.SZ,爱乐达,a股
300701.SZ,森霸传感,a股
300702.SZ,天宇股份,a股
300707.SZ,威唐工业,a股
300710.SZ,万隆光电,a股
300708.SZ,聚灿光电,a股
300712.SZ,永福股份,a股
300713.SZ,英可瑞,a股
300719.SZ,安达维尔,a股
300717.SZ,华信新材,a股
300723.SZ,一品红,a股
300721.SZ,怡达股份,a股
300725.SZ,药石科技,a股
300726.SZ,宏达电子,a股
300730.SZ,科创信息,a股
300732.SZ,设研院,a股
300736.SZ,百邦科技,a股
300737.SZ,科顺股份,a股
300738.SZ,奥飞数据,a股
300741.SZ,华宝股份,a股
300743.SZ,天地数码,a股
300746.SZ,汉嘉数智,a股
300747.SZ,锐科激光,a股
300749.SZ,顶固集创,a股
300753.SZ,爱朋医疗,a股
300752.SZ,隆利科技,a股
300755.SZ,华致酒行,a股
300761.SZ,立华股份,a股
300762.SZ,上海瀚讯,a股
300768.SZ,迪普科技,a股
300770.SZ,新媒股份,a股
300773.SZ,拉卡拉,a股
300772.SZ,运达股份,a股
300771.SZ,智莱科技,a股
300775.SZ,三角防务,a股
300776.SZ,帝尔激光,a股
300777.SZ,中简科技,a股
300778.SZ,新城市,a股
300780.SZ,德恩精工,a股
300783.SZ,三只松鼠,a股
300787.SZ,海能实业,a股
300786.SZ,国林科技,a股
300789.SZ,唐源电气,a股
300792.SZ,壹网壹创,a股
300800.SZ,力合科技,a股
300798.SZ,锦鸡股份,a股
300805.SZ,电声股份,a股
300806.SZ,斯迪克,a股
300807.SZ,天迈科技,a股
300808.SZ,久量股份,a股
300813.SZ,泰林生物,a股
300811.SZ,铂科新材,a股
300812.SZ,易天股份,a股
300817.SZ,双飞集团,a股
300821.SZ,东岳硅材,a股
300823.SZ,建科智能,a股
300824.SZ,北鼎股份,a股
300825.SZ,阿尔特,a股
300826.SZ,测绘股份,a股
300827.SZ,上能电气,a股
300828.SZ,锐新科技,a股
300837.SZ,浙矿股份,a股
300839.SZ,博汇股份,a股
300838.SZ,浙江力诺,a股
300841.SZ,康华生物,a股
300844.SZ,山水比德,a股
300845.SZ,捷安高科,a股
300849.SZ,锦盛新材,a股
300851.SZ,交大思诺,a股
300853.SZ,申昊科技,a股
300854.SZ,中兰环保,a股
300855.SZ,图南股份,a股
300861.SZ,美畅股份,a股
300862.SZ,蓝盾光电,a股
300864.SZ,南大环境,a股
300865.SZ,大宏立,a股
300869.SZ,康泰医学,a股
300871.SZ,回盛生物,a股
300875.SZ,捷强装备,a股
300876.SZ,蒙泰高新,a股
300878.SZ,维康药业,a股
300877.SZ,金春股份,a股
300881.SZ,盛德鑫泰,a股
300880.SZ,迦南智能,a股
300883.SZ,龙利得,a股
300884.SZ,狄耐克,a股
300886.SZ,华业香料,a股
300887.SZ,谱尼测试,a股
300890.SZ,翔丰华,a股
300892.SZ,品渥食品,a股
300894.SZ,火星人,a股
300897.SZ,山科智能,a股
300898.SZ,熊猫乳品,a股
300901.SZ,中胤时尚,a股
300902.SZ,国安达,a股
300906.SZ,日月明,a股
300907.SZ,康平科技,a股
300908.SZ,仲景食品,a股
300910.SZ,瑞丰新材,a股
300912.SZ,凯龙高科,a股
300915.SZ,海融科技,a股
300920.SZ,润阳科技,a股
300921.SZ,南凌科技,a股
300922.SZ,天秦装备,a股
300923.SZ,研奥股份,a股
300927.SZ,江天化学,a股
300928.SZ,华安鑫创,a股
300930.SZ,屹通新材,a股
300929.SZ,华骐环保,a股
300931.SZ,通用电梯,a股
300932.SZ,三友联众,a股
300933.SZ,中辰股份,a股
300935.SZ,盈建科,a股
300936.SZ,中英科技,a股
300937.SZ,药易购,a股
300939.SZ,秋田微,a股
300948.SZ,冠中生态,a股
300947.SZ,德必集团,a股
300949.SZ,奥雅股份,a股
300950.SZ,德固特,a股
300955.SZ,嘉亨家化,a股
300956.SZ,英力股份,a股
300958.SZ,建工修复,a股
300960.SZ,通业科技,a股
300961.SZ,深水海纳,a股
300962.SZ,中金辐照,a股
300966.SZ,共同药业,a股
300967.SZ,晓鸣股份,a股
300970.SZ,华绿生物,a股
300971.SZ,博亚精工,a股
300973.SZ,立高食品,a股
300977.SZ,深圳瑞捷,a股
300980.SZ,祥源新材,a股
300981.SZ,中红医疗,a股
300985.SZ,致远新能,a股
300987.SZ,川网传媒,a股
300988.SZ,津荣天宇,a股
300989.SZ,蕾奥规划,a股
300992.SZ,泰福泵业,a股
300994.SZ,久祺股份,a股
300993.SZ,玉马科技,a股
300995.SZ,奇德新材,a股
300998.SZ,宁波方正,a股
301001.SZ,凯淳股份,a股
301003.SZ,江苏博云,a股
301006.SZ,迈拓股份,a股
301008.SZ,宏昌科技,a股
301009.SZ,可靠股份,a股
301010.SZ,晶雪节能,a股
301011.SZ,华立科技,a股
301017.SZ,漱玉平民,a股
301015.SZ,百洋医药,a股
301020.SZ,密封科技,a股
301019.SZ,宁波色母,a股
301022.SZ,海泰科,a股
301023.SZ,奕帆传动,a股
301024.SZ,霍普股份,a股
301026.SZ,浩通科技,a股
301025.SZ,读客文化,a股
301027.SZ,华蓝集团,a股
301029.SZ,怡合达,a股
301031.SZ,中熔电气,a股
301032.SZ,新柴股份,a股
301033.SZ,迈普医学,a股
301035.SZ,润丰股份,a股
301036.SZ,双乐股份,a股
301037.SZ,保立佳,a股
301040.SZ,中环海陆,a股
301041.SZ,金百泽,a股
301043.SZ,绿岛风,a股
301047.SZ,义翘神州,a股
301045.SZ,天禄科技,a股
301049.SZ,超越科技,a股
301050.SZ,雷电微力,a股
301053.SZ,远信工业,a股
301055.SZ,张小泉,a股
301056.SZ,森赫股份,a股
301059.SZ,金三江,a股
301057.SZ,汇隆新材,a股
301062.SZ,上海艾录,a股
301063.SZ,海锅股份,a股
301066.SZ,万事利,a股
301065.SZ,本立科技,a股
301067.SZ,显盈科技,a股
301068.SZ,大地海洋,a股
301069.SZ,凯盛新材,a股
301072.SZ,中捷精工,a股
